CONCEPT_ID,CONCEPT_SYNONYM_NAME,LANGUAGE_CONCEPT_ID
964261,cyanocobalamin 5000 MCG/ML Injectable Solution,4180186
1322184,clopidogrel,4180186
441267,Cystic fibrosis (disorder),4180186
1718412,Kyleena 17.5 MCG per 24 HR Intrauterine System,4180186
4336464,Coronary artery bypass grafting,4180186
4102123,Latex allergy,4180186
4237458,Fracture of collar bone,4180186
4280726,Spasmodic rhinorrhoea,4180186
4330583,Vasectomy for contraception,4180186
3014576,Chloride SerPl-sCnc,4180186
4242997,Cholecystectomy,4180186
3049273,DXA Radius+Ulna T-score BMD,4180186
80809,Rheumatoid arthritis,4180186
196456,Gallbladder calculus (disorder),4180186
4133840,Spirometry,4180186
40480160,Pathological fracture due to osteoporosis (disorder),4180186
3027970,Calc; Calculation; Chemistry; GLB; Glob; Glob%; Globul; Globulins; Level; Mass concentration; Point in time; QNT; Quan; Quant; Quantitative; Random; Serum; SR,4180186
1519937,Etonogestrel 68 MG Drug Implant,4180186
4151422,Sputum examination (procedure),4180186
4012477,Glucose challenge test,4180186
4202451,Percutaneous mechanical thrombectomy of portal vein using fluoroscopic guidance,4180186
1729720,phenoxymethylpenicillin,4180186
3006322,Bdy temp; bod; Bodies; BODY TEMPERATURE.MOLEC; Oral; Point in time; QNT; Quan; Quant; Quantitative; Random; Temp; Temperature,4180186
19128263,Trinessa 28 Day Pack,4180186
3023430,Cat Dander IgE Qn,4180186
192671,GI haemorrhage,4180186
3020655,Honey bee IgE Qn,4180186
4295880,Intramuscular injection,4180186
19075601,clopidogrel 75 MG Oral Tablet,4180186
44782520,Chronic paralysis due to lesion of spinal cord (disorder),4180186
3019550,Sodium [Moles/volume] in Serum or Plasma,4180186
40162522,Acetaminophen 325 MG / Hydrocodone Bitartrate 7.5 MG Oral Tablet,4180186
40169281,"fluticasone propionate 250 MCG / salmeterol 50 MCG (salmeterol xinafoate 72.5 MCG) per ACTUAT Dry Powder Inhaler, 60 ACTUAT",4180186
42707627,rocuronium bromide 10 MG/ML Injectable Solution,4180186
964261,Vitamin B 12 5 MG/ML Injectable Solution,4180186
1326303,Digoxin,4180186
441267,Fibrocystic disease,4180186
1718412,Kyleena 19.5 MG Intrauterine System,4180186
4336464,Coronary artery bypass graft operations,4180186
4302207,Allergy to hay,4180186
920293,Nitrofurantoin,4180186
4280726,Seasonal allergic rhinitis,4180186
4330583,Vasectomy (procedure),4180186
926487,Pancreatin,4180186
4242997,Excision of gallbladder,4180186
4139681,Allergy to dairy product,4180186
80809,Rheumatoid disease,4180186
196456,Gallstones,4180186
4133840,Spirometry (procedure),4180186
40480160,Pathological fracture due to osteoporosis,4180186
3027970,Globulin [Mass/volume] in Serum by calculation,4180186
1521369,Norethindrone,4180186
19133873,PCN V K+ 250 MG Oral Tablet,4180186
4012477,OGTT - Oral glucose tolerance test,4180186
4202451,Percutaneous mechanical thrombectomy of portal vein using fluoroscopic guidance (procedure),4180186
1738521,Doxycycline,4180186
3006322,Oral temp,4180186
35605482,2 ML Ondansetron 2 MG/ML Injection,4180186
3016723,Chemistry; CR; Crea; Creat; Level; Mass concentration; Pl; Plasma; Plsm; Point in time; QNT; Quan; Quant; Quantitative; Random; SerP; SerPl; SerPlas; Serum; Serum or plasma; SR,4180186
192671,GI bleeding,4180186
4337138,Transplant of lung,4180186
4295880,Intramuscular injection (procedure),4180186
19079524,NaCl 9 MG/ML Injectable Solution,4180186
3010813,#; ABS; absolute; absolutes; Blood; Cnt; Count; Count/volume; CT; HEMATOLOGY/CELL COUNTS; Leuc; Leuk; Leukocyte; Lkcs; Number concentration; Number Concentration (count/vol); Point in time; QNT; Quan; Quant; Quantitative; Random; WB; WBC; WBCs; White blood cell; White blood cells; Whole blood,4180186
3019550,Sodium SerPl-sCnc,4180186
40162522,APAP 325 MG / hydrocodone bitartrate 7.5 MG Oral Tablet,4180186
40163554,Warfarin Sodium 5 MG Oral Tablet,4180186
42707627,rocuronium bromide 50 MG per 5 ML Concentrate for Injectable Solution,4180186
1768849,Cefaclor,4180186
975125,Hydrocortisone,4180186
441267,Cystic fibrosis,4180186
1718412,Levonorgestrel 0.000729 MG/HR Intrauterine System [Kyleena],4180186
4336464,CAG - Coronary artery graft,4180186
4302207,Allergy to grass pollen,4180186
920300,nitrofurantoin 25 MG per 5 ML Oral Suspension,4180186
4280726,Spasmodic rhinorrhea,4180186
4330583,Vasectomy,4180186
836654,Tacrine,4180186
4242997,Cholecystectomy (procedure),4180186
4139681,Allergy to dairy product (disorder),4180186
80809,Proliferative arthritis,4180186
196456,Gallbladder stones,4180186
4156265,Facial laceration,4180186
3013721,Aspartate aminotransferase [Enzymatic activity/volume] in Serum or Plasma,4180186
3027970,Globulin Ser Calc-mCnc,4180186
1521369,norethisterone,4180186
19133873,PCN V Pot 250 MG Oral Tablet,4180186
4012477,Glucose tolerance test (procedure),4180186
4197460,Injection of epinephrine,4180186
372328,Otitis media,4180186
3006322,Oral temperature,4180186
35605482,ondansetron 4 MG per 2 ML Injection,4180186
3016723,Creatinine [Mass/volume] in Serum or Plasma,4180186
192671,Gastrointestinal bleeding,4180186
4337138,LTx - Lung transplant,4180186
4295880,IMI - Intramuscular injection,4180186
19079524,sodium chloride 0.9 % Injectable Solution,4180186
3010813,Leukocytes [#/volume] in Blood,4180186
4035793,Pulmonary rehabilitation,4180186
40236824,Phenazopyridine hydrochloride 100 MG Oral Tablet,4180186
40165015,Meperidine Hydrochloride 50 MG Oral Tablet,4180186
42902245,{5 (Ethinyl Estradiol 0.02 MG / norethindrone acetate 1 MG Oral Tablet) / 7 (Ethinyl Estradiol 0.03 MG / norethindrone acetate 1 MG Oral Tablet) / 9 (Ethinyl Estradiol 0.035 MG / norethindrone acetate 1 MG Oral Tablet) / 7 (Ferrous fumarate 75 MG Oral Tablet) } Pack [Estrostep Fe 28 Day],4180186
1778162,Cefuroxime,4180186
317009,Hyperreactive airway disease,4180186
441267,Mucoviscidosis,4180186
1713332,Amoxicillin,4180186
4336464,CABG - Coronary artery bypass graft,4180186
4302207,Allergy to grass pollen (disorder),4180186
920300,Nitrofurantoin 5 MG/ML Oral Suspension,4180186
4181917,EEG,4180186
4330583,Male surgical sterilisation procedure,4180186
836659,Tacrine 10 MG Oral Capsule,4180186
4242997,Gallbladder excision,4180186
4109685,Laceration of foot,4180186
80809,RA - Rheumatoid arthritis,4180186
196456,Gallstone,4180186
4156265,Facial laceration (disorder),4180186
3013721,Asp; Aspartate amino transferase; Aspartate transaminase; Aspartic acid; AST; Catalytic Concentration; Chemistry; Glutamic oxaloacetic transaminase; Pl; Plasma; Plsm; Point in time; QNT; Quan; Quant; Quantitative; Random; SerP; SerPl; SerPlas; Serum; Serum or plasma; SGOT; SR,4180186
19059056,ASA 81 MG Oral Tablet,4180186
433644,Shellfish allergy (disorder),4180186
19133873,Penicillin V Potassium 250 MG Oral Tablet,4180186
19128065,{7 (Inert Ingredients 1 MG Oral Tablet) / 21 (Mestranol 0.05 MG / Norethindrone 1 MG Oral Tablet) } Pack [Norinyl 1+50 28 Day],4180186
4197460,Injection of epinephrine (procedure),4180186
372328,Otitis media (disorder),4180186
40479422,Injury of medial collateral ligament of knee (disorder),4180186
40479768,Injury of anterior cruciate ligament,4180186
3016723,Creat SerPl-mCnc,4180186
192671,GIH - Gastrointestinal hemorrhage,4180186
4337138,Transplant of lung (procedure),4180186
4295880,IM - Intramuscular injection,4180186
19079524,sodium chloride 9 MG/ML Injectable Solution,4180186
3010813,WBC # Bld,4180186
4035793,Pulmonary rehabilitation (regime/therapy),4180186
40228214,cetirizine HCl 10 MG Oral Tablet,4180186
40758406,AIDS; H+P; H+P.HX; History; Human immunodeficiency virus; Nominal; P prime; Point in time; Random,4180186
42902245,Estrostep Fe 28 Day Pack,4180186
1124300,Diclofenac,4180186
317009,Bronchial hyperresponsiveness,4180186
441267,CF - Cystic fibrosis,4180186
1118084,celecoxib,4180186
4336464,CBG - Coronary bypass graft,4180186
3001488,ABS; Aby; Allergen; Allergens; ALLERGY TESTING; Antby; Anti; Antibodies; Antibody; Arbitrary concentration; Autoantibodies; Autoantibody; f002; f2; f43; Immune globulin E; Immunoglobulin E; Point in time; QNT; Quan; Quant; Quantitative; Random; Serum; SR,4180186
920334,nitrofurantoin macrocrystals 50 MG Oral Capsule,4180186
4181917,Electroencephalogram (procedure),4180186
4329847,MI - Myocardial infarction,4180186
836659,tacrine 10 MG (tacrine hydrochloride 12.75 MG) Oral Capsule,4180186
4187458,Review of systems,4180186
4109685,Laceration of foot (disorder),4180186
80809,Rheumatic gout,4180186
196456,Gallbladder calculus,4180186
4198190,Excision of appendix (procedure),4180186
3013721,AST SerPl-cCnc,4180186
19059056,Aspirin 81 MG Oral Tablet,4180186
433644,Shellfish allergy,4180186
19133873,PEN V K+ 250 MG Oral Tablet,4180186
19128065,Norinyl 1+50 28 Day Pack,4180186
4197460,Injection of adrenaline,4180186
372328,OM - Otitis media,4180186
40479422,Injury of medial collateral ligament of knee,4180186
40479768,Injury of anterior cruciate ligament (disorder),4180186
3006451,ABS; Aby; Allergen; Allergens; ALLERGY TESTING; Antby; Anti; Antibodies; Antibody; Arbitrary concentration; Autoantibodies; Autoantibody; f256; Immune globulin E; Immunoglobulin E; Juglans sp; Point in time; QNT; Quan; Quant; Quantitative; Random; Serum; SR; Walnut; Walnuts,4180186
255848,Pneumonia (disorder),4180186
40236446,Methylphenidate Hydrochloride 20 MG Oral Tablet,4180186
4155034,Laceration of forearm (disorder),4180186
19079524,Sodium Chloride 9 MG/ML Injectable Solution,4180186
134438,Contact eczema,4180186
4037675,Brief general examination,4180186
40228214,cetirizine hydrochloride 10 MG Oral Tablet,4180186
40758406,HIV status,4180186
44783196,Surgical manipulation of joint of knee (procedure),4180186
1347450,alteplase,4180186
317009,Asthma (disorder),4180186
441267,CF,4180186
1119510,Dextromethorphan,4180186
4336464,Coronary artery bypass graft,4180186
3001488,Cow milk IgE Ab [Units/volume] in Serum,4180186
920334,"NITROFURANTOIN, MACROCRYSTALS 50 MG Oral Capsule",4180186
4181917,Electroencephalogram,4180186
4329847,Myocardial infarct,4180186
3004501,Chemistry; Glu; Gluc; Glucoseur; Level; Mass concentration; Pl; Plasma; Plsm; Point in time; QNT; Quan; Quant; Quantitative; Random; SerP; SerPl; SerPlas; Serum; Serum or plasma; SR,4180186
4187458,Review of systems (procedure),4180186
4285898,Polyp of colon (disorder),4180186
80809,RhA - Rheumatoid arthritis,4180186
196456,Cholecystolithiasis,4180186
4198190,Appendectomy,4180186
1361711,glyceryl trinitrate,4180186
4168004,Burn injury (morphologic abnormality),4180186
723013,Diazepam,4180186
19133873,PEN V Pot 250 MG Oral Tablet,4180186
19112599,Chlorpheniramine Maleate 2 MG/ML Oral Solution,4180186
257012,Chronic rhinosinusitis,4180186
433125,Infection due to Staphylococcus aureus,4180186
40478878,Screen for 20 common genetic mutations of cystic fibrosis using amplification refractory mutation system polymerase chain reaction assay technique,4180186
40223768,Donepezil hydrochloride 10 MG Oral Tablet,4180186
3006451,Walnut IgE Ab [Units/volume] in Serum,4180186
255848,Pneumonia,4180186
40169216,120 ACTUAT Fluticasone propionate 0.044 MG/ACTUAT Metered Dose Inhaler,4180186
4155034,Laceration of forearm,4180186
19129144,{28 (Norethindrone 0.35 MG Oral Tablet) } Pack [Jolivette 28 Day],4180186
134438,Dermatitis venenata,4180186
4037675,Brief general examination (procedure),4180186
40228230,cetirizine hydrochloride 5 MG Oral Tablet,4180186
40769179,Area affected by eczema Head+Neck PhenX,4180186
44783196,Surgical manipulation of joint of knee,4180186
1124957,Oxycodone,4180186
317009,Bronchial hypersensitivity,4180186
4059978,Insertion of subcutaneous contraceptive (procedure),4180186
1153428,fexofenadine,4180186
4166224,Perforated appendix,4180186
3001488,Cow Milk IgE Qn,4180186
260139,Acute bronchitis,4180186
4181917,Electroencephalography,4180186
4329847,Myocardial infarction,4180186
3004501,Glucose [Mass/volume] in Serum or Plasma,4180186
4202832,Intubation,4180186
4285898,Polyp colon,4180186
80809,Chronic rheumatic arthritis,4180186
196456,GS - Gallstone,4180186
4198190,Excision of appendix,4180186
1361711,Nitroglycerin,4180186
4168004,Burn injury,4180186
753626,Propofol,4180186
4243062,X-ray of wrist,4180186
19112599,chlorpheniramine maleate 2 MG per 1 ML Oral Solution,4180186
257012,Chronic sinusitis (disorder),4180186
433125,Infection caused by Staphylococcus aureus (disorder),4180186
40478878,Cystic fibrosis 20 common mutation test,4180186
40223774,Donepezil hydrochloride 23 MG [Aricept],4180186
3006451,Walnut IgE Qn,4180186
4001336,Commotio cerebri,4180186
40169216,"fluticasone propionate 0.044 MG/ACTUAT Metered Dose Inhaler, 120 ACTUAT",4180186
4170947,Bone immobilisation,4180186
19129144,Jolivette 28 Day Pack,4180186
134438,Contact dermatitis,4180186
4043071,Cognitive and behavioral therapy (regime/therapy),4180186
40229134,Acetaminophen 21.7 MG/ML / Dextromethorphan Hydrobromide 1 MG/ML / doxylamine succinate 0.417 MG/ML Oral Solution,4180186
40769179,Brain; Count/time; Cranial; Cranium; Intracranial; nRate; Number rate; Number Rate = Count/Time; Point in time; QNT; Quan; Quant; Quantitative; Random; Skull,4180186
46275916,1 ML Epinephrine 1 MG/ML Injection,4180186
1125315,Acetaminophen,4180186
317009,BHR - Bronchial hyperreactivity,4180186
4059978,Insertion of subcutaneous contraceptive,4180186
1154029,Fentanyl,4180186
4166224,Rupture of appendix,4180186
3036780,ABS; Aby; Allergen; Allergens; ALLERGY TESTING; American house dust mite; Antby; Anti; Antibodies; Antibody; Arbitrary concentration; Autoantibodies; Autoantibody; D farinae; d002; d2; Dermatophagoides farianae; HDM; House dust mite; Immune globulin E; Immunoglobulin E; Point in time; QNT; Quan; Quant; Quantitative; Random; Serum; SR,4180186
260139,Acute bronchitis (disorder),4180186
4181917,EEG - Electroencephalography,4180186
4329847,Myocardial infarction (disorder),4180186
3004501,Glucose SerPl-mCnc,4180186
4202832,Intubation (procedure),4180186
4285898,Polyp of colon,4180186
80809,Atrophic arthritis,4180186
321042,Cardiac arrest,4180186
4198190,Appendicectomy,4180186
1501700,levothyroxine,4180186
4168004,Burn - lesion,4180186
701322,Memantine,4180186
4243062,Radiography of wrist (procedure),4180186
19003953,Rocuronium,4180186
257012,Chronic sinusitis,4180186
433125,Staphylococcus aureus infection,4180186
40478878,Screen for 20 common genetic mutations of cystic fibrosis using amplification refractory mutation system polymerase chain reaction assay technique (procedure),4180186
40223821,Fexofenadine hydrochloride 30 MG Oral Tablet,4180186
1557272,Alendronate,4180186
4001336,MTBI - Mild traumatic brain injury,4180186
45766064,History of one seizure ever,4180186
4170947,Bone immobilization (procedure),4180186
19076374,Diazepam 5 MG/ML Injectable Solution,4180186
134438,CD - Contact dermatitis,4180186
4043071,Cognitive and behavioral therapy,4180186
40229134,acetaminophen 325 MG / dextromethorphan HBr 15 MG / doxylamine succinate 6.25 MG per 15 ML Oral Solution,4180186
40769179,Percentage area affected by eczema Head and Neck [PhenX],4180186
46275916,epinephrine 1 MG per 1 ML Injection,4180186
1125443,Dornase Alfa,4180186
317009,Bronchial hyperreactivity,4180186
3013682,Blood urea nitrogen; BUN; Chemistry; Level; Mass concentration; N; N2; Nit; Pl; Plasma; Plsm; Point in time; QNT; Quan; Quant; Quantitative; Random; SerP; SerPl; SerPlas; Serum; Serum or plasma; SR; UN,4180186
1154343,Albuterol,4180186
4166224,Rupture of appendix (disorder),4180186
3036780,American house dust mite IgE Ab [Units/volume] in Serum,4180186
261325,Emphysema of lung,4180186
4108705,Intravenous blood transfusion of packed cells,4180186
4329847,Heart attack,4180186
3005136,ABS; Aby; Allergen; Allergens; ALLERGY TESTING; Antby; Anti; Antibodies; Antibody; Arbitrary concentration; Autoantibodies; Autoantibody; C herbarum; Hormodendrum; Immune globulin E; Immunoglobulin E; m002; m2; Point in time; QNT; Quan; Quant; Quantitative; Random; Serum; SR,4180186
21494966,Abd; Abdo; Abdomen+; Abdominal; Exam; Examination; Finding; Findings; H+P; H+P.PX; Nominal; P prime; Phys find; Point in time; Random,4180186
4285898,Colonic polyp,4180186
30753,Esophagitis (disorder),4180186
321042,Cardiac arrest (disorder),4180186
4134304,Fracture subluxation of wrist (disorder),4180186
1137529,salmeterol,4180186
4168004,Burn,4180186
705944,Methylphenidate,4180186
4243062,Radiography of wrist,4180186
19123231,atomoxetine 100 MG (as atomoxetine HCl) Oral Capsule,4180186
258780,Obstructive chronic bronchitis,4180186
433125,Infection caused by Staphylococcus aureus,4180186
19078219,Sufentanil,4180186
757627,Galantamine,4180186
1713671,Amoxicillin 250 MG / Clavulanate 125 MG Oral Tablet,4180186
4001336,Concussion injury of brain (disorder),4180186
45766064,History of single seizure (situation),4180186
4170947,Bone immobilization,4180186
19077344,ferrous sulfate 324 MG (iron 65 MG) Oral Tablet,4180186
134438,Contact dermatitis (disorder),4180186
4043071,Cognitive and behavioural therapy,4180186
40229134,acetaminophen 650 MG / dextromethorphan HBr 30 MG / doxylamine succinate 12.5 MG per 30 ML Oral Solution,4180186
40769184,Area affected by eczema UE-Bl PhenX,4180186
1125443,dornase alfa (desoxyribonuclease),4180186
317009,Asthma,4180186
3013682,BUN SerPl-mCnc,4180186
1154615,200 ACTUAT Albuterol 0.09 MG/ACTUAT Metered Dose Inhaler,4180186
4166224,Appendicitis with perforation,4180186
3036780,D farinae IgE Qn,4180186
261325,Pulmonary emphysema (disorder),4180186
4108705,Intravenous blood transfusion of packed cells (procedure),4180186
4329847,Infarction of heart,4180186
3005136,C herbarum IgE Qn,4180186
21494966,Phys find Abd by Palpation,4180186
3011505,Breathing; End tidal volume; Exp; FEV; FEV1; FEV1%; FEV1/FVC; Forced expiratory volume in 1 second; FVC; Lungs; Point in time; PULMONARY; QNT; Quan; Quant; Quantitative; Random; RS; S prime; VC; Vet; Vol; Vol exp; Volume ratio,4180186
30753,Oesophagitis,4180186
1177480,Ibuprofen,4180186
4134304,Fracture subluxation of wrist,4180186
1396131,ferrous sulfate,4180186
1503184,Mestranol,4180186
4058899,Clavicle X-ray,4180186
4275113,Fitting of coil,4180186
19123231,atomoxetine 100 MG Oral Capsule,4180186
258780,Bronchitis with airway obstruction,4180186
133834,AD - Atopic dermatitis,4180186
19074679,Carbamazepine 20 MG/ML Oral Suspension [Tegretol],4180186
440448,Appendicitis (disorder),4180186
1713671,amoxicillin (as amoxicillin trihydrate) 250 MG / clavulanic acid (as clavulanate potassium) 125 MG Oral Tablet,4180186
4001336,Concussion injury of brain,4180186
45766064,History of single seizure,4180186
4169137,Allergy to wheat (disorder),4180186
19077344,ferrous sulfate 325 MG (iron 65 MG) Oral Tablet,4180186
3014599,ABS; Aby; Allergen; Allergens; ALLERGY TESTING; Antby; Anti; Antibodies; Antibody; Arbitrary concentration; Autoantibodies; Autoantibody; f001; f1; Immune globulin E; Immunoglobulin E; Point in time; QNT; Quan; Quant; Quantitative; Random; Serum; SR,4180186
40213180,meningococcal MCV4P,4180186
40229134,APAP 21.7 MG/ML / Dextromethorphan Hydrobromide 1 MG/ML / doxylamine succinate 0.417 MG/ML Oral Solution,4180186
40769184,Arm; Bil; Bilat; Both; Count/time; EXT; Extr-Bl; nRate; Number rate; Number Rate = Count/Time; Point in time; QNT; Quan; Quant; Quantitative; Random; UE; UE-Bl; Up,4180186
1149196,Cetirizine,4180186
317009,Bronchial asthma,4180186
3013682,Urea nitrogen [Mass/volume] in Serum or Plasma,4180186
4219399,Allergy to fish (disorder),4180186
4166224,Perforation of appendix,4180186
3008598,Chemistry; FR; FreeT4; FT4; Level; Levothyroxine; Levo-thyroxine; L-thyroxine; Mass concentration; Non-protein bound; Pl; Plasma; Plsm; Point in time; QNT; Quan; Quant; Quantitative; Random; SerP; SerPl; SerPlas; Serum; Serum or plasma; SR; T4; T-4; T4 Free; thyroid hormone; Thyrox; Thyroxin; Thyrx; Total T4; TT4,4180186
261325,Pulmonary emphysema,4180186
4015189,Microbial culture of sputum,4180186
4329847,Cardiac infarction,4180186
3005136,Cladosporium herbarum IgE Ab [Units/volume] in Serum,4180186
21494966,Physical findings of Abdomen by Palpation,4180186
3011505,FEV1/FVC,4180186
30753,Esophagitis,4180186
1192710,Chlorpheniramine,4180186
40243436,1 ML Atropine Sulfate 1 MG/ML Injection,4180186
1000560,Ondansetron,4180186
1539403,Simvastatin,4180186
4058899,Plain X-ray of clavicle,4180186
4275113,Introduction of intrauterine contraceptive device,4180186
19127890,Inert Ingredients,4180186
258780,Chronic bronchitis with emphysema,4180186
133834,Allergic dermatitis,4180186
19074679,Tegretol 100 MG per 5 ML Oral Suspension,4180186
440448,Appendicitis,4180186
1717327,Ampicillin,4180186
4001336,Brain concussion,4180186
46275444,Piperacillin 4000 MG / tazobactam 500 MG Injection,4180186
4169137,Allergy to wheat,4180186
19077344,ferrous sulfate 325 MG Oral Tablet,4180186
3014599,Egg white IgE Ab [Units/volume] in Serum,4180186
40213180,"meningococcal polysaccharide (groups A, C, Y and W-135) diphtheria toxoid conjugate vaccine (MCV4P)",4180186
40213299,"hepatitis A vaccine, pediatric/adolescent dosage, 2 dose schedule",4180186
40769184,Percentage area affected by eczema Upper extremity - bilateral [PhenX],4180186
1149380,fluticasone,4180186
317009,Asthmatic,4180186
4066995,Fracture of vertebral column with spinal cord injury,4180186
4219399,Allergy to fish,4180186
4314290,"Chloride measurement, sweat",4180186
3008598,T4 Free SerPl-mCnc,4180186
4234705,Evaluation of psychiatric state of patient,4180186
4015189,Microbial culture of sputum (procedure),4180186
19045231,Pancreatin 4X 600 MG Oral Tablet,4180186
4059173,Fracture of ankle (disorder),4180186
4283893,Sinusitis (disorder),4180186
4048169,Allergy to house dust mite,4180186
378001,Concussion with no loss of consciousness,4180186
78272,Sprain of wrist,4180186
40243436,atropine sulfate 1 MG per 1 ML Injection,4180186
1127078,Acetaminophen 160 MG Oral Tablet,4180186
1539411,Simvastatin 20 MG Oral Tablet,4180186
4058899,Plain X-ray of clavicle (procedure),4180186
4275113,Insertion of intrauterine contraceptive device (procedure),4180186
19127904,{24 (drospirenone 3 MG / Ethinyl Estradiol 0.02 MG Oral Tablet) / 4 (Inert Ingredients 1 MG Oral Tablet) } Pack [Yaz 28 Day],4180186
258780,Chronic obstructive bronchitis,4180186
133834,Disseminated neurodermatitis,4180186
19074679,Tegretol 20 MG/ML Oral Suspension,4180186
440086,Child attention deficit disorder,4180186
1728416,benzylpenicillin,4180186
4001336,Mild traumatic brain injury,4180186
46275444,piperacillin / tazobactam 4.5 GM Injection,4180186
4163951,EKG,4180186
19077344,FESO4 325 MG Oral Tablet,4180186
3014599,Egg White IgE Qn,4180186
40213198,Pneumococcal conjugate PCV 13,4180186
40213306,"Hep B, adult",4180186
40769189,Area affected by eczema Trunk PhenX,4180186
1150770,Astemizole,4180186
317009,Airway hyperreactivity,4180186
4066995,Fracture of vertebral column with spinal cord injury (disorder),4180186
4216130,Percutaneous coronary intervention,4180186
4314290,Cystic fibrosis sweat test (procedure),4180186
3008598,Thyroxine (T4) free [Mass/volume] in Serum or Plasma,4180186
4234705,Evaluation of psychiatric state of patient (procedure),4180186
4078793,Electrical cardioversion,4180186
19045231,Pancreatin 600 MG Oral Tablet [Pancreatin 4X],4180186
4059173,Fracture of ankle,4180186
4283893,Sinusitis,4180186
4048169,Allergy to house dust mite (disorder),4180186
378001,Concussion with no loss of consciousness (disorder),4180186
78272,Sprain of wrist joint,4180186
40481087,Viral sinusitis (disorder),4180186
1127078,APAP 160 MG Oral Tablet,4180186
1545958,atorvastatin,4180186
3026361,#; ABS; absolute; absolutes; Blood; Cnt; Count; Count/volume; CT; Discocytes; Erthrocyte; Erythrocyte; HEMATOLOGY/CELL COUNTS; Number concentration; Number Concentration (count/vol); Point in time; QNT; Quan; Quant; Quantitative; Random; RBC; RBCS; Red blood cell; Red blood cells; Red blood corpuscle; Red blood corpusles; Red cell; Red cells; WB; Whole blood,4180186
4275113,Insertion of IUD,4180186
19127904,Yaz 28 Day Pack,4180186
258780,Emphysematous bronchitis,4180186
133834,Allergic eczema,4180186
19074841,12 HR Cefaclor 500 MG Extended Release Oral Tablet,4180186
440086,Child attention deficit disorder (disorder),4180186
1728416,Penicillin G,4180186
4029498,Seizure disorder,4180186
4174876,Allergy to bee venom (disorder),4180186
4163951,Electrocardiographic procedure,4180186
19077572,galantamine 4 MG (as galantamine hydrobromide 5.126 MG) Oral Tablet,4180186
3024561,Alb; Chemistry; Level; Mass concentration; Pl; Plasma; Plsm; Point in time; Protein.albumin; QNT; Quan; Quant; Quantitative; Random; SerP; SerPl; SerPlas; Serum; Serum or plasma; SR,4180186
40213198,"pneumococcal conjugate vaccine, 13 valent",4180186
40213306,"hepatitis B vaccine, adult dosage",4180186
40769189,Count/time; nRate; Number rate; Number Rate = Count/Time; Point in time; QNT; Quan; Quant; Quantitative; Random,4180186
1150771,Astemizole 10 MG Oral Tablet,4180186
317576,Arteriosclerotic heart disease,4180186
3024731,Average; Avg; Discocyte; Entitic volume; Erc; Erythrocytes; HEMATOLOGY/CELL COUNTS; MCV; Point in time; QNT; Quan; Quant; Quantitative; Random; RBC; Red blood cell; Red blood cells; Red blood corpuscle; Red blood corpusles; Red cell; Red cells; Vol,4180186
4216130,Percutaneous coronary intervention (procedure),4180186
4314290,Sweat chloride level,4180186
3006906,Ca; Cal; Chemistry; Level; Mass concentration; Pl; Plasma; Plsm; Point in time; QNT; Quan; Quant; Quantitative; Random; SerP; SerPl; SerPlas; Serum; Serum or plasma; SR,4180186
4094814,Bullet wound,4180186
4078793,Direct current cardioversion (procedure),4180186
4323902,Lung volume reduction surgery (procedure),4180186
4059173,Fracture of distal end of tibia and fibula,4180186
4337611,SLTx - Single lung transplant,4180186
4048169,House dust mite allergy,4180186
378419,Alzheimer dementia,4180186
78272,Wrist sprain,4180186
40481087,Viral sinusitis,4180186
1127433,Acetaminophen 325 MG Oral Tablet,4180186
1545959,atorvastatin 80 MG Oral Tablet,4180186
3026361,Erythrocytes [#/volume] in Blood,4180186
4275113,Insertion of intrauterine device,4180186
4195803,Bone density scan,4180186
258780,COB - Chronic obstructive bronchitis,4180186
133834,Atopic dermatitis,4180186
19074841,cefaclor 500 MG 12 HR Extended Release Oral Tablet,4180186
439777,Anaemia,4180186
1332418,Amlodipine,4180186
4029498,Seizure disorder (disorder),4180186
4174876,Allergy to bee venom,4180186
4163951,Electrocardiogram,4180186
19077572,Galantamine 4 MG Oral Tablet,4180186
3024561,Albumin [Mass/volume] in Serum or Plasma,4180186
40213201,pneumococcal polysaccharide PPV23,4180186
40213314,"Haemophilus influenzae type b vaccine, PRP-OMP conjugate",4180186
40769189,Percentage area affected by eczema Trunk [PhenX],4180186
1150836,Terfenadine,4180186
317576,Coronary arteriosclerosis,4180186
3024731,MCV [Entitic volume],4180186
4216130,PCI - Percutaneous coronary intervention,4180186
4314290,Cystic fibrosis sweat test,4180186
3006906,Calcium [Mass/volume] in Serum or Plasma,4180186
4094814,Bullet wound (disorder),4180186
4078793,Direct current cardioversion,4180186
4323902,Lung volume reduction surgery,4180186
4059173,Ankle fracture,4180186
4337611,Single lung transplant,4180186
4048171,Perennial allergic rhinitis with seasonal variation,4180186
378419,AD - Alzheimer's disease,4180186
78272,Sprain of wrist (disorder),4180186
40231925,Acetaminophen 325 MG / Oxycodone Hydrochloride 5 MG Oral Tablet,4180186
1127433,APAP 325 MG Oral Tablet,4180186
1545959,atorvastatin (as atorvastatin calcium) 80 MG Oral Tablet,4180186
3026361,RBC # Bld,4180186
4275113,IUD - Fitting of intrauterine device,4180186
4195803,Bone density scan (procedure),4180186
258780,Chronic obstructive bronchitis (disorder),4180186
133834,Atopic dermatitis (disorder),4180186
19074843,Cefaclor 250 MG Oral Capsule,4180186
439777,Anemia,4180186
1332419,Amlodipine 5 MG Oral Tablet,4180186
19129655,Ampicillin 100 MG/ML Injectable Solution,4180186
4116491,Escherichia coli urinary tract infection,4180186
4163951,Electrocardiographic procedure (procedure),4180186
40766240,Are you covered by health insurance or some other kind of health care plan [PhenX],4180186
3024561,Albumin SerPl-mCnc,4180186
40213201,"pneumococcal polysaccharide vaccine, 23 valent",4180186
40213314,Hib (PRP-OMP),4180186
40769194,Area affected by eczema LE-Bl PhenX,4180186
1150837,Terfenadine 60 MG Oral Tablet,4180186
317576,Coronary sclerosis,4180186
3024731,MCV RBC,4180186
4230209,Psychiatric follow-up (procedure),4180186
4314290,Sweat chloride,4180186
3006906,Calcium SerPl-mCnc,4180186
4024289,Radiography of ankle,4180186
19002770,desflurane,4180186
4324181,History of cardiac arrest,4180186
3012494,ABS; Aby; Allergen; Allergens; ALLERGY TESTING; Antby; Anti; Antibodies; Antibody; Arbitrary concentration; Autoantibodies; Autoantibody; f013; f13; Immune globulin E; Immunoglobulin E; Peanut; Point in time; QNT; Quan; Quant; Quantitative; Random; Serum; SR,4180186
4337611,Single lung transplant (procedure),4180186
4048171,Perennial allergic rhinitis with seasonal variation (disorder),4180186
378419,Alzheimer disease,4180186
257012,Chronic infection of sinus,4180186
40231925,APAP 325 MG / oxycodone hydrochloride 5 MG Oral Tablet,4180186
1589505,Levonorgestrel,4180186
1548195,Estradiol,4180186
4084167,Acute allergic reaction (disorder),4180186
4275113,Fitting of intrauterine device,4180186
4199276,Removal of subcutaneous contraceptive (procedure),4180186
140673,Hypothyroid,4180186
375671,Concussion with loss of consciousness,4180186
19075001,Cefuroxime 250 MG Oral Tablet,4180186
439777,Absolute anaemia,4180186
1332419,amlodipine (as amlodipine besylate) 5 MG Oral Tablet,4180186
19129655,ampicillin (as ampicillin sodium) 100 MG/ML Injectable Solution,4180186
4116491,Escherichia coli urinary tract infection (disorder),4180186
4163971,Laparoscopic cholecystectomy (procedure),4180186
40766240,Finding; Findings; Health insurance coverage; Ordinal; Othr; Point in time; QL; Qual; Qualitative; Random; Screen,4180186
1343916,Epinephrine,4180186
40213216,"rotavirus, live, monovalent vaccine",4180186
40213320,"HPV, quadrivalent",4180186
40769194,Bil; Bilat; Both; Count/time; EXT; Extr-Bl; LE; LE-Bl; Leg; Low; nRate; Number rate; Number Rate = Count/Time; Point in time; QNT; Quan; Quant; Quantitative; Random,4180186
1305058,Methotrexate,4180186
317576,CHD - Coronary heart disease,4180186
3015076,ABS; Aby; Allergen; Allergens; ALLERGY TESTING; Antby; Anti; Antibodies; Antibody; Arbitrary concentration; Autoantibodies; Autoantibody; f014; f14; Gly; Immune globulin E; Immunoglobulin E; Largest; Maximal; Maximum; Peak; Point in time; QNT; Quan; Quant; Quantitative; Random; Serum; Soja hispida; Soy bean; Soya bean; Soyabean; Soybean; SR,4180186
4230209,Psychiatric follow-up,4180186
4145310,Pelvis X-ray (procedure),4180186
3009542,Blood; Hct; HEMATOLOGY/CELL COUNTS; PCV; Percent; Point in time; QNT; Quan; Quant; Quantitative; Random; Volfr; Volume fraction; WB; Whole blood,4180186
4024289,Radiography of ankle (procedure),4180186
19006318,PCN G 375 MG/ML Injectable Solution,4180186
4324181,History of cardiac arrest (situation),4180186
3012494,Peanut IgE Ab [Units/volume] in Serum,4180186
4218389,Whiplash injury,4180186
1307863,Verapamil,4180186
378419,Alzheimer's disease (disorder),4180186
80502,OP - Osteoporosis,4180186
40232448,Diphenhydramine Hydrochloride 25 MG Oral Tablet,4180186
708298,Midazolam,4180186
3028833,Bili; Bilirubins; Blood; Chemistry; Level; Mass concentration; Point in time; QNT; Quan; Quant; Quantitative; Random; TBIL; WB; Whole blood,4180186
4084167,Acute allergic reaction,4180186
4275113,Insertion of intrauterine contraceptive device,4180186
4199276,Removal of subcutaneous contraceptive,4180186
140673,Hypothyroidism,4180186
133834,Atopic eczema,4180186
19075001,cefuroxime (as cefuroxime axetil) 250 MG Oral Tablet,4180186
439777,Absolute anemia,4180186
1594382,epinephrine (generic for Adrenaclick) 0.3 MG per 0.3 ML Auto-Injector,4180186
19127918,{21 (Ethinyl Estradiol 0.03 MG / Levonorgestrel 0.15 MG Oral Tablet) / 7 (Inert Ingredients 1 MG Oral Tablet) } Pack [Levora 0.15/30 28 Day],4180186
4304110,Allergy to mildew,4180186
4163971,Endoscopic cholecystectomy,4180186
40766240,Health insurance coverage,4180186
1595799,Ferrous fumarate,4180186
40220960,alteplase 100 MG Injection,4180186
40213320,"human papilloma virus vaccine, quadrivalent",4180186
40769194,Percentage area affected by eczema Lower extremity - bilateral [PhenX],4180186
1309944,Amiodarone,4180186
317576,CAD - Coronary artery disease,4180186
3015076,Soybean IgE Ab [Units/volume] in Serum,4180186
4230399,Closed fracture of hip,4180186
4145310,Pelvis X-ray,4180186
3009542,Hct VFr Bld,4180186
4024289,Ankle X-ray,4180186
19006318,PEN G 375 MG/ML Injectable Solution,4180186
4326177,Medication Reconciliation (procedure),4180186
3012494,Peanut IgE Qn,4180186
4218389,Whiplash injury to neck,4180186
1308738,cyanocobalamin,4180186
378419,Alzheimer's disease,4180186
80502,Osteoporosis,4180186
40220386,100 ML Propofol 10 MG/ML Injection,4180186
715997,donepezil,4180186
3028833,Bilirub Bld-mCnc,4180186
4043241,Familial Alzheimer's disease of early onset,4180186
4275113,IUCD - Fitting of intrauterine contraceptive device,4180186
4278672,Forearm fracture,4180186
140673,Hypothyroidism (disorder),4180186
375671,Concussion with loss of consciousness (disorder),4180186
37017711,Allergy to soy,4180186
439777,Anemia (disorder),4180186
1594382,NDA020800 0.3 ML Epinephrine 1 MG/ML Auto-Injector,4180186
19127918,Levora 0.15/30 28 Day Pack,4180186
4304110,Allergy to mould,4180186
4163971,Laparoscopic cholecystectomy,4180186
40213154,"Influenza, seasonal, injectable, preservative free",4180186
791967,Lorazepam,4180186
4149245,Rupture of patellar tendon (disorder),4180186
46221626,Levonorgestrel 0.000813 MG/HR Intrauterine System [Liletta],4180186
40492359,Insertion of biventricular implantable cardioverter defibrillator (procedure),4180186
1107830,Loratadine,4180186
317576,Coronary heart disease,4180186
3015076,Soybean IgE Qn,4180186
4230399,Closed fracture of hip (disorder),4180186
4062501,Asthma screening,4180186
3009542,Hematocrit [Volume Fraction] of Blood,4180186
3023103,Chemistry; k; K+; Level; Pl; Plasma; Plsm; Point in time; Potass; QNT; Quan; Quant; Quantitative; Random; SerP; SerPl; SerPlas; Serum; Serum or plasma; SR; Substance concentration,4180186
19006318,Penicillin G 375 MG/ML Injectable Solution,4180186
4326177,Medication Reconciliation,4180186
9201,Inpatient Visit,4180186
4218389,Acceleration-deceleration injury of neck,4180186
1308738,Vitamin B 12,4180186
80809,Rheumatoid arthritis (disorder),4180186
80502,Osteoporosis (disorder),4180186
40220386,propofol 1000 MG per 100 ML Injection,4180186
0,No matching concept,4180186
3028833,Bilirubin.total [Mass/volume] in Blood,4180186
4043241,Familial Alzheimer's disease of early onset (disorder),4180186
4052083,Pulmonary function test,4180186
4278672,Fracture of forearm (disorder),4180186
80180,OA - Osteoarthrosis,4180186
4057420,Catheter ablation of tissue of heart,4180186
37017711,Allergy to soy (disorder),4180186
313217,AF - Atrial fibrillation,4180186
3019406,ABS; Aby; Allergen; Allergens; ALLERGY TESTING; Antby; Anti; Antibodies; Antibody; Arbitrary concentration; Autoantibodies; Autoantibody; Hevea braziliensis; Immune globulin E; Immunoglobulin E; k082; k82; Ltx; Point in time; QNT; Quan; Quant; Quantitative; Random; Serum; SR,4180186
19127922,{28 (Norethindrone 0.35 MG Oral Tablet) } Pack [Camila 28 Day],4180186
4304110,Allergy to mold,4180186
40213260,zoster,4180186
40213160,IPV,4180186
1549786,Ethinyl Estradiol,4180186
4149245,Patellar tendon rupture,4180186
46221626,Liletta 0.000813 MG/HR Intrauterine System,4180186
40492359,Insertion of biventricular implantable cardioverter defibrillator,4180186
1107882,loratadine 10 MG 24 HR Oral Tablet,4180186
439406,Animal dander allergy,4180186
3000876,ABS; Aby; Allergen; Allergens; ALLERGY TESTING; Antby; Anti; Antibodies; Antibody; Arbitrary concentration; Autoantibodies; Autoantibody; Cod; Codfish; f003; f3; Fish; Immune globulin E; Immunoglobulin E; Point in time; QNT; Quan; Quant; Quantitative; Random; Scrod; Serum; SR,4180186
4027663,PU - Peptic ulcer,4180186
4062501,Asthma screening (procedure),4180186
3009201,Arbitrary concentration; Chemistry; Pl; Plasma; Plsm; Point in time; QNT; Quan; Quant; Quantitative; Random; SerP; SerPl; SerPlas; Serum; Serum or plasma; SR; Thyroid stimulating hormone; Thyrotropic hormone; TSH,4180186
3023103,Potassium [Moles/volume] in Serum or Plasma,4180186
4252419,Radiologic examination of knee,4180186
4191853,Allergy screening test,4180186
9202,Outpatient Visit,4180186
4218389,Whiplash injury to neck (disorder),4180186
198199,Pyelonephritis,4180186
81151,Sprain of ankle,4180186
4132546,Traumatic brain injury (disorder),4180186
40222846,memantine HCl 2 MG per 1 ML Oral Solution,4180186
3027231,ABS; Aby; Allergen; Allergens; ALLERGY TESTING; Antby; Anti; Antibodies; Antibody; Arbitrary concentration; Autoantibodies; Autoantibody; f004; f4; Immune globulin E; Immunoglobulin E; Point in time; QNT; Quan; Quant; Quantitative; Random; Serum; SR; Triticum sativum; Wheat,4180186
19023398,sevoflurane 1000 MG/ML Inhalant Solution,4180186
4043241,Familial Alzheimer disease of early onset,4180186
4052083,Measurement of respiratory function (procedure),4180186
4278672,Fracture of forearm,4180186
317576,Coronary artery disease,4180186
4057420,Catheter ablation of tissue of heart (procedure),4180186
37017711,Allergy to soya,4180186
313217,Atrial fibrillation,4180186
3019406,Latex IgE Ab [Units/volume] in Serum,4180186
19127922,Camila 28 Day Pack,4180186
4304110,Allergy to mold (disorder),4180186
40213260,"zoster vaccine, live",4180186
40213160,"poliovirus vaccine, inactivated",4180186
1551099,Prednisone,4180186
4149245,Rupture of patellar tendon,4180186
46221626,Liletta 52 MG Intrauterine System,4180186
40486433,Perennial allergic rhinitis (disorder),4180186
1107882,Loratadine 10 MG Oral Tablet,4180186
439406,Dander allergy,4180186
3000876,Codfish IgE Ab [Units/volume] in Serum,4180186
4027663,Peptic ulcer disease,4180186
4144583,Diabetes mellitus due to cystic fibrosis (disorder),4180186
3009201,Thyrotropin [Units/volume] in Serum or Plasma,4180186
3023103,Potassium SerPl-sCnc,4180186
4252419,Knee X-ray,4180186
4191853,Allergy screening test (procedure),4180186
9203,Emergency Room Visit,4180186
4218408,Taking blood sample,4180186
198199,Pyelonephritis (disorder),4180186
81151,Sprain of ankle (disorder),4180186
4132546,Traumatic brain injury,4180186
40222846,Memantine hydrochloride 2 MG/ML Oral Solution,4180186
3027231,Wheat IgE Ab [Units/volume] in Serum,4180186
19023398,sevoflurane 100 % Inhalant Solution,4180186
3007461,#; ABS; absolute; absolutes; Blood; Cnt; Count; Count/volume; CT; HEMATOLOGY/CELL COUNTS; Number concentration; Number Concentration (count/vol); Platelet; Platelet count; Platelt; Plt; Point in time; QNT; Quan; Quant; Quantitative; Random; Thrb; Thrombocyte; Thrombocytes; WB; Whole blood,4180186
4052083,RFT Respiratory function test,4180186
4125906,Suture open wound,4180186
317576,Coronary arteriosclerosis (disorder),4180186
4048695,Fracture of vertebral column without spinal cord injury (disorder),4180186
19126352,Nitroglycerin 0.4 MG/ACTUAT Mucosal Spray,4180186
313217,Atrial fibrillation (disorder),4180186
3019406,Ltx IgE Qn,4180186
19019979,Ibuprofen 100 MG Oral Tablet,4180186
4323208,History of appendectomy,4180186
40213281,DTaP,4180186
45892894,24 HR Donepezil hydrochloride 10 MG / Memantine hydrochloride 28 MG Extended Release Oral Capsule,4180186
1551192,Prednisone 5 MG Oral Tablet,4180186
19125062,Loratadine 5 MG Chewable Tablet,4180186
44805732,Reinsertion of subcutaneous contraceptive,4180186
40486433,Perennial allergic rhinitis,4180186
1110410,Morphine,4180186
439406,Allergy to animal dander (disorder),4180186
3000876,Codfish IgE Qn,4180186
4027663,Peptic ulceration,4180186
4144583,Diabetes mellitus due to cystic fibrosis,4180186
3009201,TSH SerPl-aCnc,4180186
19073183,Amoxicillin 250 MG Oral Capsule,4180186
4252419,Radiologic examination of knee (procedure),4180186
19007333,Methotrexate 10 MG Oral Tablet,4180186
4266809,Diverticular disease (disorder),4180186
4218408,Blood draw,4180186
198809,Acute cholecystitis (disorder),4180186
81151,Ankle sprain,4180186
4163872,Chest x-ray,4180186
40221415,{5 (dienogest 2 MG / estradiol valerate 2 MG Oral Tablet) / 17 (dienogest 3 MG / estradiol valerate 2 MG Oral Tablet) / 2 (estradiol valerate 1 MG Oral Tablet) / 2 (estradiol valerate 3 MG Oral Tablet) / 2 (Inert Ingredients 1 MG Oral Tablet) } Pack [Natazia 28 Day],4180186
3027231,Wheat IgE Qn,4180186
19023423,desflurane 990 MG/ML Inhalant Solution,4180186
3007461,Platelet # Bld,4180186
4052083,Measurement of respiratory function,4180186
4125906,Suture open wound (procedure),4180186
381316,Cerebrovascular accident,4180186
4048695,Fracture of vertebral column without spinal cord injury,4180186
19126352,nitroglycerin 400 MCG/ACTUAT Mucosal Spray,4180186
914335,Atropine,4180186
192671,GIT - Gastrointestinal tract haemorrhage,4180186
19018935,Digoxin 0.125 MG Oral Tablet,4180186
4323208,History of appendicectomy,4180186
40213281,"diphtheria, tetanus toxoids and acellular pertussis vaccine",4180186
45892894,donepezil hydrochloride 10 MG / memantine hydrochloride 28 MG 24 HR Extended Release Oral Capsule,4180186
1174888,Hydrocodone,4180186
19078461,ibuprofen 200 MG (as ibuprofen sodium 256 MG) Oral Tablet,4180186
44816277,168 HR Ethinyl Estradiol 0.00146 MG/HR / norelgestromin 0.00625 MG/HR Transdermal System,4180186
40486433,Nonseasonal allergic rhinitis,4180186
1112807,acetylsalicylic acid,4180186
439406,Allergy to animal dander,4180186
3001247,A artemisiifolia; A elatior; ABS; Aby; Allergen; Allergens; ALLERGY TESTING; Ambrosia artemisiifolia; Antby; Anti; Antibodies; Antibody; Arbitrary concentration; Autoantibodies; Autoantibody; Common ragweed; Immune globulin E; Immunoglobulin E; Point in time; QNT; Quan; Quant; Quantitative; Random; Serum; Short ragweed; SR; w001; w1,4180186
4027663,Peptic ulcer,4180186
4299128,Third degree burn (disorder),4180186
3035995,Alkaline phosphatase [Enzymatic activity/volume] in Serum or Plasma,4180186
19073188,Amoxicillin 500 MG Oral Tablet,4180186
4186930,Change of coil,4180186
19016749,remifentanil,4180186
4266809,Diverticular disease,4180186
4218408,Collection of blood specimen for laboratory,4180186
198809,Acute cholecystitis,4180186
81151,Sprain of ligament of ankle joint,4180186
4163872,Plain chest X-ray,4180186
40221415,Natazia 28 Day Pack,4180186
1512674,drospirenone,4180186
19023423,desflurane 99 % Inhalant Solution,4180186
3007461,Platelets [#/volume] in Blood,4180186
4052083,PFT - Pulmonary function tests,4180186
19133905,PCN V K+ 500 MG Oral Tablet,4180186
381316,Stroke,4180186
4047491,Radiography of humerus (procedure),4180186
19126352,nitroglycerin 400 MCG/ACTUAT Oral Spray,4180186
967823,Sodium Chloride,4180186
192671,Gastrointestinal hemorrhage,4180186
19018935,digoxin 125 MCG Oral Tablet,4180186
4323208,History of appendectomy (situation),4180186
40213296,"Hep A, adult",4180186
45769019,Female infertility due to cystic fibrosis (disorder),4180186
782043,Isoflurane,4180186
19078461,Ibuprofen 200 MG Oral Tablet,4180186
44816277,ethinyl estradiol 35 MCG / norelgestromin 150 MCG per 24HR 7 Day Transdermal Patch,4180186
42535580,"Ultrasonography of abdomen, right upper quadrant and epigastrium",4180186
1112807,Aspirin,4180186
1741122,tazobactam,4180186
3001247,Common Ragweed IgE Ab [Units/volume] in Serum,4180186
4027663,Gastroduodenal ulcer,4180186
4299128,Third degree burn,4180186
3035995,Alk; Alk phos; Alkaline phos; Alkaline phosphatase.total; ALKP; ALP; AP; Catalytic Concentration; Chemistry; Phos; Phosphtase; Pl; Plasma; Plsm; Point in time; QNT; Quan; Quant; Quantitative; Random; SerP; SerPl; SerPlas; Serum; Serum or plasma; SR,4180186
4238715,Removing coil,4180186
4186930,IUCD - Change of intrauterine contraceptive device,4180186
19008572,Hydrocortisone 10 MG/ML Topical Cream,4180186
4266809,DD - Diverticular disease,4180186
4218408,Blood withdrawal for testing,4180186
80180,Osteoarthrosis,4180186
81151,Sprain of ankle joint,4180186
4163872,Plain chest X-ray (procedure),4180186
40224132,0.65 ML medroxyprogesterone acetate 160 MG/ML Prefilled Syringe,4180186
1515774,norgestimate,4180186
19029476,Dornase Alfa 1 MG/ML Inhalant Solution [Pulmozyme],4180186
4296204,First degree burn (disorder),4180186
4052083,Lung function tests,4180186
19133905,PCN V Pot 500 MG Oral Tablet,4180186
381316,CVA - Cerebrovascular accident,4180186
4047491,Radiography of humerus,4180186
19126352,nitroglycerin 400 MCG/ACTUAT Sublingual Spray,4180186
28060,Streptococcal sore throat (disorder),4180186
192671,Gastrointestinal haemorrhage,4180186
4112343,Acute viral pharyngitis,4180186
19054876,dienogest,4180186
40213296,"hepatitis A vaccine, adult dosage",4180186
45769019,Female infertility due to cystic fibrosis,4180186
782047,isoflurane 99.9 % Inhalant Solution,4180186
19132304,Levonorgestrel 0.000833 MG/HR Intrauterine System [Mirena],4180186
44816277,norelgestromin 150 MCG / ethinyl estradiol 35 MCG/Day Weekly Transdermal System,4180186
42535580,"Ultrasound of abdomen, right upper quadrant and epigastrium",4180186
1310034,3 ML Amiodarone hydrochloride 50 MG/ML Prefilled Syringe,4180186
1746114,Piperacillin,4180186
3001247,Common Ragweed IgE Qn,4180186
4027663,PUD - Peptic ulcer disease,4180186
4301346,Surgical manipulation of shoulder joint (procedure),4180186
3035995,ALP SerPl-cCnc,4180186
4238715,Intrauterine contraceptive device removed,4180186
4186930,Change of intrauterine contraceptive device,4180186
19008572,hydrocortisone 1 % (as hydrocortisone acetate 1.2 % ) Topical Cream,4180186
4152936,Laceration of thigh (disorder),4180186
4218408,Blood sampling,4180186
80180,Osteoarthritis,4180186
81893,Colitis gravis,4180186
4163872,Radiologic examination of chest,4180186
40224132,medroxyprogesterone acetate 104 MG per 0.65 ML Prefilled Syringe,4180186
1102527,Meperidine,4180186
19029476,Pulmozyme 1 MG/ML Inhalant Solution,4180186
4296204,First degree burn,4180186
4052083,PFT,4180186
19133905,Penicillin V Potassium 500 MG Oral Tablet,4180186
381316,Cerebrovascular accident (disorder),4180186
4047491,Upper arm X-ray,4180186
19126352,NTG 0.4 MG/ACTUAT Mucosal Spray,4180186
28060,Strep throat,4180186
192671,Gastrointestinal hemorrhage (disorder),4180186
4112343,Acute viral pharyngitis (disorder),4180186
4107731,Subcutaneous immunotherapy (procedure),4180186
40213299,"Hep A, ped/adol, 2 dose",4180186
45769019,Female hypofertility due to cystic fibrosis,4180186
782047,Isoflurane 999 MG/ML Inhalant Solution,4180186
19132304,Mirena 0.000833 MG/HR Intrauterine System,4180186
40223834,Fexofenadine hydrochloride 60 MG Oral Tablet,4180186
42535580,"Ultrasound scan of abdomen, right upper quadrant and epigastrium",4180186
1310034,amiodarone hydrochloride 150 MG per 3 ML Prefilled Syringe,4180186
438614,Allergy to nut,4180186
3000963,Blood; Haemoglobin; Hb; HEMATOLOGY/CELL COUNTS; Hgb; Level; Mass concentration; Point in time; QNT; Quan; Quant; Quantitative; Random; WB; Whole blood,4180186
4027663,Peptic ulcer (disorder),4180186
4301346,Manipulation of shoulder joint under anesthetic,4180186
933724,Phenazopyridine,4180186
4238715,Removal of intrauterine device (procedure),4180186
4186930,IUD - Change of intrauterine device,4180186
19008572,hydrocortisone 1 GM per 100 GM Topical Cream,4180186
4152936,Laceration of thigh,4180186
4218408,Collection of blood specimen for laboratory (procedure),4180186
80180,Hypertrophic polyarthritis,4180186
81893,Ulcerative colitis,4180186
4163872,Chest exclusion X-ray,4180186
40213216,"rotavirus, monovalent",4180186
1102527,pethidine,4180186
19057271,Lorazepam 2 MG/ML Injectable Solution,4180186
4296205,Second degree burn (disorder),4180186
4246502,Neonatal screening,4180186
19133905,PEN V K+ 500 MG Oral Tablet,4180186
380378,Epilepsy (disorder),4180186
4047491,X-ray of humerus,4180186
19126352,TNG 0.4 MG/ACTUAT Mucosal Spray,4180186
28060,Streptococcal angina,4180186
192671,GI hemorrhage,4180186
4113008,Laceration of hand (disorder),4180186
4107731,Subcutaneous immunotherapy,4180186
4035415,Torn meniscus,4180186
45769019,Female hypofertility in classical cystic fibrosis,4180186
3021226,ABS; Aby; Allergen; Allergens; ALLERGY TESTING; Antby; Anti; Antibodies; Antibody; Arbitrary concentration; Autoantibodies; Autoantibody; f024; f24; Immune globulin E; Immunoglobulin E; Point in time; Prawns; QNT; Quan; Quant; Quantitative; Random; Serum; Shrimp; SR,4180186
19132304,Mirena 20 MCG per 24HR Intrauterine System,4180186
40173590,alendronic acid 10 MG (as alendronate sodium 13.1 MG) Oral Tablet,4180186
42535580,"Ultrasonography of abdomen, right upper quadrant and epigastrium (procedure)",4180186
1310149,Warfarin,4180186
438614,Allergy to nut (disorder),4180186
3000963,Hemoglobin [Mass/volume] in Blood,4180186
4051466,Childhood asthma (disorder),4180186
4301346,Manipulation of shoulder joint under anaesthetic,4180186
4056621,Recurrent UTI - urinary tract infection,4180186
4238715,Removal of coil,4180186
4186930,Replacement of contraceptive intrauterine device,4180186
19008572,hydrocortisone 1 % Topical Cream,4180186
3045716,Ag; AnGAP; Chemistry; Level; Pl; Plasma; Plsm; Point in time; QNT; Quan; Quant; Quantitative; Random; SerP; SerPl; SerPlas; Serum; Serum or plasma; SR; Substance concentration,4180186
4146173,Injury of tendon of the rotator cuff of shoulder (disorder),4180186
80180,Hypertrophic arthritis,4180186
81893,Ulcerative colitis (disorder),4180186
4163872,Radiography of chest,4180186
40213227,Td (adult) preservative free,4180186
738818,Doxylamine,4180186
1154615,albuterol 0.09 MG/ACTUAT 200 ACTUAT Metered Dose Inhaler,4180186
4296205,Second degree burn,4180186
4246502,Neonatal screening test,4180186
19133905,PEN V Pot 500 MG Oral Tablet,4180186
380378,Epileptic disorder,4180186
3015632,"Carbon dioxide, total [Moles/volume] in Serum or Plasma",4180186
19115351,Diazepam 5 MG [Valium],4180186
28060,Strept throat,4180186
192671,GI - Gastrointestinal bleed,4180186
4113008,Laceration of hand,4180186
4293740,Injection of tetanus antitoxin,4180186
4035415,Tear of meniscus of knee (disorder),4180186
46233710,Doxycycline Monohydrate 100 MG Oral Tablet,4180186
3021226,Shrimp IgE Ab [Units/volume] in Serum,4180186
19132304,Mirena 52 MG Intrauterine System,4180186
40173590,Alendronic acid 10 MG Oral Tablet,4180186
43012754,Levonorgestrel 0.00354 MG/HR Drug Implant,4180186
1367571,heparin,4180186
438614,Nut allergy,4180186
3000963,Hgb Bld-mCnc,4180186
4051466,Childhood asthma,4180186
4301346,Surgical manipulation of shoulder joint,4180186
4056621,Recurrent urinary tract infection (disorder),4180186
4238715,Removal of intrauterine device,4180186
4186930,Replacement of intrauterine contraceptive device,4180186
19010482,Cyclosporine,4180186
3045716,Anion gap in Serum or Plasma,4180186
4146173,Injury of tendon of the rotator cuff of shoulder,4180186
80180,OA - Osteoarthritis,4180186
81893,Idiopathic proctocolitis,4180186
4163872,Chest X-ray,4180186
40213227,"tetanus and diphtheria toxoids, adsorbed, preservative free, for adult use",4180186
740275,Carbamazepine,4180186
1154615,albuterol 90 MCG/ACTUAT (albuterol sulfate 108 MCG/ACTUAT from mouthpiece) 200 ACTUAT Metered Dose Inhaler,4180186
4306014,Allergy to tree pollen (disorder),4180186
4246502,Neonatal screening (procedure),4180186
19134077,"cyclosporine, modified 100 MG [Neoral]",4180186
380378,EP - Epilepsy,4180186
3015632,Carbonic anhydride; cCO2; Chemistry; CO2; CO2 TOTAL; CO2CT; ctCO2; Level; Pl; Plasma; Plsm; Point in time; QNT; Quan; Quant; Quantitative; Random; SerP; SerPl; SerPlas; Serum; Serum or plasma; SR; Substance concentration; tCO2,4180186
19128009,{7 (Ethinyl Estradiol 0.01 MG Oral Tablet) / 84 (Ethinyl Estradiol 0.03 MG / Levonorgestrel 0.15 MG Oral Tablet) } Pack [Seasonique],4180186
28060,Streptococcal sore throat,4180186
192671,GIH - Gastrointestinal haemorrhage,4180186
3020630,Chemistry; Level; Mass concentration; Pl; Plasma; Plsm; Point in time; PR; Prot; QNT; Quan; Quant; Quantitative; Random; SerP; SerPl; SerPlas; Serum; Serum or plasma; SR,4180186
4293740,Injection of tetanus antitoxin (procedure),4180186
4035415,Tear of cartilage of knee,4180186
46233988,Doxycycline Monohydrate 50 MG Oral Tablet,4180186
3021226,Shrimp IgE Qn,4180186
35605858,1 ML Morphine Sulfate 5 MG/ML Injection,4180186
40171902,Verapamil hydrochloride 40 MG,4180186
43012754,levonorgestrel 36 MG Subcutaneous Drug Implant,4180186
1115008,Naproxen,4180186
442116,Allergy to eggs (disorder),4180186
3002385,Discocyte; Erc; Erythrocyte morphology index; Erythrocytes; HEMATOLOGY/CELL COUNTS; Point in time; QNT; Quan; Quant; Quantitative; Random; Ratios; RBC; RCMI; RDW; RDW-CV; Red blood cell; Red blood cells; Red blood corpuscle; Red blood corpusles; Red cell; Red cells; Rto,4180186
3051031,History of Hospitalizations+Outpatient visits Narrative,4180186
4142905,Fracture of rib,4180186
4056621,Recurrent urinary tract infection,4180186
4238715,IUD - Removal of intrauterine device,4180186
4186930,Replacement of IUD,4180186
4294548,Acute bacterial sinusitis,4180186
3045716,Anion Gap SerPl-sCnc,4180186
4117038,Bilateral tubal ligation (procedure),4180186
80180,Degenerative joint disease,4180186
81893,UC - Ulcerative colitis,4180186
4163872,CXR - Chest X-ray,4180186
40213230,Tdap,4180186
742185,atomoxetine,4180186
1154615,"albuterol 90 MCG/ACTUAT Metered Dose Inhaler, 200 ACTUAT",4180186
4306014,Allergy to tree pollen,4180186
4010253,Nasal sinus endoscopy,4180186
19133679,{28 (Norethindrone 0.35 MG Oral Tablet) } Pack [Errin 28 Day],4180186
380378,Epilepsy,4180186
3015632,CO2 SerPl-sCnc,4180186
19128009,Seasonique 91 Day Pack,4180186
28060,Septic sore throat,4180186
192671,Gastrointestinal bleed,4180186
3020630,Protein [Mass/volume] in Serum or Plasma,4180186
4310024,Angiodysplasia of stomach (disorder),4180186
4035415,Tear of meniscus of knee,4180186
46235214,CLIN; Nominal; Point in time; Random; Sex orient; Typ,4180186
19019273,Naproxen 500 MG Oral Tablet,4180186
35605858,1 ML MS 5 MG/ML Injection,4180186
40174880,Levothyroxine Sodium 0.075 MG Oral Tablet,4180186
43012036,Chlorpheniramine Maleate 4 MG Oral Tablet,4180186
1115171,naproxen sodium 220 MG (as naproxen 200 MG) Oral Tablet,4180186
442116,Allergy to eggs,4180186
3002385,Erythrocyte distribution width [Ratio],4180186
3051031,H+P; H+P.HX; History; Hospitalizations+OP visits; Narrative; OP; Outpt visits; P prime; Point in time; Random; Report,4180186
4142905,Rib fracture,4180186
4237458,Collar bone fracture,4180186
4238715,Removal of intrauterine contraceptive device,4180186
4186930,Replacement of contraceptive intrauterine device (procedure),4180186
4294548,Acute bacterial sinusitis (disorder),4180186
19059528,Alfentanil,4180186
4117038,Bilateral tubal ligation,4180186
80180,Degenerative arthritis,4180186
195588,Cystitis (disorder),4180186
4163874,History of myocardial infarction (situation),4180186
40213230,"tetanus toxoid, reduced diphtheria toxoid, and acellular pertussis vaccine, adsorbed",4180186
3006734,ABS; Aby; Allergen; Allergens; ALLERGY TESTING; Antby; Anti; Antibodies; Antibody; Arbitrary concentration; Autoantibodies; Autoantibody; Immune globulin E; Immunoglobulin E; Oak; Point in time; QNT; Quan; Quant; Quantitative; Random; Serum; SR; t007; t7; White oak,4180186
1129625,Diphenhydramine,4180186
4024958,Throat culture,4180186
4010253,Nasal sinus endoscopy (procedure),4180186
19133679,Errin 28 Day Pack,4180186
380378,Epileptic,4180186
3006923,Ala; Alanine transaminase; ALAT; Alpha alanine; ALT; Catalytic Concentration; Chemistry; Glutamic-pyruvic transferase; L-alanine; Pl; Plasma; Plsm; Point in time; QNT; Quan; Quant; Quantitative; Random; SerP; SerPl; SerPlas; Serum; Serum or plasma; SGPT; SR,4180186
19128022,{7 (Ethinyl Estradiol 0.035 MG / norgestimate 0.18 MG Oral Tablet) / 7 (Ethinyl Estradiol 0.035 MG / norgestimate 0.215 MG Oral Tablet) / 7 (Ethinyl Estradiol 0.035 MG / norgestimate 0.25 MG Oral Tablet) / 7 (Inert Ingredients 1 MG Oral Tablet) } Pack [Ortho Tri-Cyclen 28 Day],4180186
28060,Streptococcal pharyngitis,4180186
192671,GI - Gastrointestinal hemorrhage,4180186
3020630,Prot SerPl-mCnc,4180186
4310024,Angiodysplasia of stomach,4180186
19089061,Prednisone 2.5 MG [Deltasone],4180186
46235214,Sexual orientation,4180186
4240902,Allergy to peanuts (disorder),4180186
35605858,morphine sulfate 5 MG per 1 ML Injection,4180186
40174880,levothyroxine sodium 75 MCG Oral Tablet,4180186
43012433,21 DAY Ethinyl Estradiol 0.000625 MG/HR / Etonogestrel 0.005 MG/HR Vaginal Ring [NuvaRing],4180186
1115171,Naproxen sodium 220 MG Oral Tablet,4180186
443279,Attempted suicide - cut/stab,4180186
3002385,RDW RBC-Rto,4180186
3051031,Hx of Hospitalizations+OP visits,4180186
4142905,Fracture of rib (disorder),4180186
4237458,Fracture of clavicle,4180186
4238715,IUCD -Removal of intrauterine contraceptive device,4180186
4330583,Contraceptive method vasectomy,4180186
3014576,Chemistry; Cl; Cl-; Level; Pl; Plasma; Plsm; Point in time; QNT; Quan; Quant; Quantitative; Random; SerP; SerPl; SerPlas; Serum; Serum or plasma; SR; Substance concentration,4180186
19039298,sevoflurane,4180186
3049273,Arm; BMD; Bone Densiometry; Bone Density Scan; Den; Densiometry; DEX; DEXA; Dual Energy X Ray Absorptiometry; EXT; Films; Forearm; Imaging; Point in time; QNT; Quan; Quant; Quantitative; RADIOLOGY; Random; T-score; UE; Up; Upper extremity; View; Views for BMD; VWS,4180186
80180,Degenerative arthropathy,4180186
195588,Bladder infection,4180186
4163874,History of myocardial infarction,4180186
40213251,varicella,4180186
3006734,White Oak IgE Ab [Units/volume] in Serum,4180186
1518198,norelgestromin,4180186
4024958,Throat culture (procedure),4180186
4012477,Glucose tolerance test,4180186
19133768,Acetaminophen 750 MG / Hydrocodone Bitartrate 7.5 MG Oral Tablet,4180186
1759842,Clavulanate,4180186
3006923,Alanine aminotransferase [Enzymatic activity/volume] in Serum or Plasma,4180186
19128022,Ortho Tri-Cyclen 28 Day Pack,4180186
3023430,ABS; Aby; Allergen; Allergens; ALLERGY TESTING; Antby; Anti; Antibodies; Antibody; Arbitrary concentration; Autoantibodies; Autoantibody; Cat epithelium; Cat hair; e1; Feline; Felis domesticus; Immune globulin E; Immunoglobulin E; Point in time; QNT; Quan; Quant; Quantitative; Random; Serum; SR,4180186
192671,GI - Gastrointestinal haemorrhage,4180186
3020655,ABS; Aby; Allergen; Allergens; ALLERGY TESTING; Antby; Anti; Antibodies; Antibody; Arbitrary concentration; Autoantibodies; Autoantibody; Honey bee; Honeybee; i001; i1; Immune globulin E; Immunoglobulin E; Point in time; QNT; Quan; Quant; Quantitative; Random; Serum; SR,4180186
4310024,Gastric angiodysplasia,4180186
19078924,Midazolam 1 MG/ML Injectable Solution,4180186
44782520,Chronic spinal paralysis,4180186
4240902,Allergy to peanuts,4180186
40224805,1 ML medroxyprogesterone acetate 150 MG/ML Injection,4180186
40169281,60 ACTUAT Fluticasone propionate 0.25 MG/ACTUAT / salmeterol 0.05 MG/ACTUAT Dry Powder Inhaler,4180186
43012433,NuvaRing 0.12/0.015 MG per 24HR 21 Day Vaginal Ring,4180186
1500211,Medroxyprogesterone,4180186
443279,Attempted suicide - cut/stab (event),4180186
1718412,Kyleena 0.000729 MG/HR Intrauterine System,4180186
4336464,Coronary artery bypass grafting (procedure),4180186
4102123,Latex allergy (disorder),4180186
4237458,Fracture of clavicle (disorder),4180186
4280726,Seasonal allergic rhinitis (disorder),4180186
4330583,Male surgical sterilization procedure,4180186
3014576,Chloride [Moles/volume] in Serum or Plasma,4180186
4242997,Removal of gallbladder,4180186
3049273,DXA Radius and Ulna [T-score] Bone density,4180186
80180,Osteoarthritis (disorder),4180186
195588,Cystitis,4180186
4163874,Past history of myocardial infarction,4180186
40213251,varicella virus vaccine,4180186
3006734,White Oak IgE Qn,4180186
1519936,Etonogestrel,4180186
4151422,Sputum examination,4180186
4012477,GTT - Glucose tolerance test,4180186
19133768,APAP 750 MG / hydrocodone bitartrate 7.5 MG Oral Tablet,4180186
1729720,Penicillin V,4180186
3006923,ALT SerPl-cCnc,4180186
19128263,{7 (Ethinyl Estradiol 0.035 MG / norgestimate 0.18 MG Oral Tablet) / 7 (Ethinyl Estradiol 0.035 MG / norgestimate 0.215 MG Oral Tablet) / 7 (Ethinyl Estradiol 0.035 MG / norgestimate 0.25 MG Oral Tablet) / 7 (Inert Ingredients 1 MG Oral Tablet) } Pack [Trinessa 28 Day],4180186
3023430,Cat dander IgE Ab [Units/volume] in Serum,4180186
192671,GIT - Gastrointestinal tract hemorrhage,4180186
3020655,Honey bee IgE Ab [Units/volume] in Serum,4180186
4310024,Gastric vascular dysplasia,4180186
19075601,clopidogrel 75 MG (as clopidogrel bisulfate 97.875 MG) Oral Tablet,4180186
44782520,Chronic paralysis due to lesion of spinal cord,4180186
3019550,Chemistry; Level; Na; Na+; Pl; Plasma; Plsm; Point in time; QNT; Quan; Quant; Quantitative; Random; SerP; SerPl; SerPlas; Serum; Serum or plasma; SR; Substance concentration,4180186
40224805,medroxyprogesterone acetate 150 MG per 1 ML Injection,4180186
40169281,"fluticasone propionate 0.25 MG / salmeterol 0.05 MG per ACTUAT Dry Powder Inhaler, 60 ACTUAT",4180186
42707627,rocuronium bromide 100 MG per 10 ML Concentrate for Injectable Solution,4180186
